<?xml version="1.0" encoding="UTF-8"?>
<project-private xmlns="http://www.netbeans.org/ns/project-private/1">
    <editor-bookmarks xmlns="http://www.netbeans.org/ns/editor-bookmarks/2" lastBookmarkId="0"/>
    <open-files xmlns="http://www.netbeans.org/ns/projectui-open-files/2">
        <group>
            <file>file:/C:/Users/RXiau6/Documents/NetBeansProjects/practice/C109118106_w03_11_03/src/homework/Account.java</file>
            <file>file:/C:/Users/RXiau6/Documents/NetBeansProjects/practice/C109118106_w03_11_03/src/homework/SavingsAccount.java</file>
            <file>file:/C:/Users/RXiau6/Documents/NetBeansProjects/practice/C109118106_w03_11_03/src/homework/Test.java</file>
            <file>file:/C:/Users/RXiau6/Documents/NetBeansProjects/practice/C109118106_w03_11_03/src/homework/CheckingAccount.java</file>
        </group>
    </open-files>
</project-private>
