<?xml version="1.0" encoding="UTF-8"?>
<project-private xmlns="http://www.netbeans.org/ns/project-private/1">
    <editor-bookmarks xmlns="http://www.netbeans.org/ns/editor-bookmarks/2" lastBookmarkId="0"/>
    <open-files xmlns="http://www.netbeans.org/ns/projectui-open-files/2">
        <group>
            <file>file:/C:/Users/RXiau6/Documents/NetBeansProjects/practice/C109118106_w03/src/c109118106_w03/FXMLDocument.fxml</file>
            <file>file:/C:/Users/RXiau6/Documents/NetBeansProjects/practice/C109118106_w03/src/c109118106_w03/C109118106_w03.java</file>
            <file>file:/C:/Users/RXiau6/Documents/NetBeansProjects/practice/C109118106_w03/src/c109118106_w03/FXMLDocumentController.java</file>
        </group>
    </open-files>
</project-private>
